{
    "node_cords": [
        [
            -4418.147796435517,
            -3762.73142527777
        ],
        [
            -4888.003397195983,
            -4410.21556750368
        ],
        [
            -5264.330602554026,
            -5116.174372610186
        ],
        [
            -3738.855199084283,
            -4185.296884329754
        ]
    ],
    "rangeKm": 4931.917839680859
}