{
    "node_cords": [
        [
            -3974.410995504871,
            4576.4156881285835
        ],
        [
            -3417.682109802506,
            5150.918036099941
        ],
        [
            -3665.216298232258,
            3838.5819404736685
        ]
    ],
    "rangeKm": 4080.980092701371
}