{
    "node_cords": [
        [
            2312.9808625407113,
            5698.768714052236
        ],
        [
            1811.1855686830268,
            5075.710544165763
        ],
        [
            -4304.927406015583,
            3328.9518417774234
        ]
    ],
    "rangeKm": 2050.0906572566805
}