{
    "node_cords": [
        [
            -2389.168182681764,
            -5929.442038903964
        ],
        [
            -2147.0355276024306,
            -5191.95769238201
        ]
    ],
    "rangeKm": 3196.3419520547423
}