{
    "node_cords": [
        [
            1142.826251408869,
            -5778.221541833612
        ],
        [
            1081.6215661167244,
            -6537.180547738181
        ],
        [
            1443.7382675537979,
            -7239.272457828732
        ],
        [
            460.68527175412214,
            -5392.5194888060505
        ]
    ],
    "rangeKm": 4974.51046662323
}