{
    "node_cords": [
        [
            1468.5754541783679,
            5852.289005654797
        ],
        [
            1381.1597037155827,
            6647.498717976665
        ],
        [
            1215.1513487901607,
            7430.084959930199
        ],
        [
            1555.7621941130797,
            5057.05415205521
        ]
    ],
    "rangeKm": 5087.999764917353
}