{
    "node_cords": [
        [
            -5698.744876867457,
            1477.4567205985306
        ],
        [
            -6063.408029035861,
            460.3031432946223
        ],
        [
            -5325.6863608886015,
            769.7651609091035
        ]
    ],
    "rangeKm": 3989.335986364699
}