{
    "node_cords": [
        [
            -1604.9977548546958,
            -5841.711512919636
        ],
        [
            -929.2506578915709,
            -5694.778822274162
        ],
        [
            -1420.4058367299199,
            -5063.299139069492
        ]
    ],
    "rangeKm": 3942.76062791621
}