{
    "node_cords": [
        [
            970.4788145857357,
            -6114.078288793232
        ],
        [
            603.3312045399924,
            -5403.302211228927
        ]
    ],
    "rangeKm": 3095.310261147197
}