{
    "node_cords": [
        [
            -5337.629606547722,
            -1858.062672324749
        ]
    ],
    "rangeKm": 0.0
}