{
    "node_cords": [
        [
            1569.4283356369453,
            -6110.1020806393335
        ],
        [
            1624.3201994553601,
            -6884.271599976585
        ],
        [
            1329.820772465153,
            -6847.12108419975
        ],
        [
            1490.2946657250827,
            -5364.151426552
        ]
    ],
    "rangeKm": 5089.201936116105
}