{
    "node_cords": [
        [
            -5665.398587455302,
            1218.4162789007057
        ],
        [
            4940.157374893222,
            3059.012766815057
        ],
        [
            4762.300592936409,
            3822.9595842358685
        ],
        [
            -5999.822902721348,
            1039.7101630355617
        ],
        [
            5693.497167402515,
            2868.2758563398734
        ],
        [
            -5244.493453517524,
            2210.749980388725
        ],
        [
            5475.2798152755295,
            4059.33536228505
        ],
        [
            -5139.949285667553,
            2954.2323538307023
        ],
        [
            -5907.3579043030495,
            1819.962155466475
        ],
        [
            -6515.863162575467,
            1614.2919548270409
        ],
        [
            -7250.355169989856,
            1889.9570361682743
        ],
        [
            6108.429652631171,
            2233.7115284597653
        ],
        [
            -7447.142918260713,
            2629.034052471943
        ],
        [
            6182.063095774286,
            2259.0679340747956
        ],
        [
            -5870.472214744937,
            3203.9337340844086
        ],
        [
            -6601.946924636579,
            2167.850936168607
        ],
        [
            6956.774275133472,
            2176.308564951864
        ],
        [
            5140.968312856884,
            2308.496331329369
        ],
        [
            -5154.877173374572,
            1431.848109558397
        ],
        [
            -5512.690640653923,
            463.6711938316968
        ]
    ],
    "rangeKm": 5545.442959561266
}