{
    "node_cords": [
        [
            4248.817978255688,
            4283.414069456872
        ],
        [
            4308.751584452287,
            3485.662251628626
        ]
    ],
    "rangeKm": 3016.6243676819395
}